stateName;stateAbbr;statepop;diabetesprevalence;diabetesIncidence;funding;Footnote;prediabetesselfreport;diabetesactionplan;DirectMedicalCostMillions;MedicareCost_Millions;medicaidCostMillions;DP230020;numdsmesPart;accreddsmesproviders;statemedicadeservices;participantsndpp;ndppproviders;medicardpproviders;statemedicaidcoverndpp;stateImage;uid
Alabama;AL;5,074,296;614,915;39;1,100,000;2022 Data;163;;6,479,000,000;2,634,000,000;956,000,000;1,100,000;9,265;49;No;6,182;23;7;No;circle_AL.png;US-AL
Alaska;AK;733,583;48,502;3;1,616,642;2022 Data;66;https://health.alaska.gov/dph/Chronic/Documents/Diabetes/coalition/AKDiabetesCoalition_StrategicPlan_2020-25.pdf ;707,000,000;119,000,000;151,000,000;850;1,737;6;No;1,726;7;1;No;circle_AK.png;US-AK
Arizona;AZ;7,359,197;731,946;46;1,677,094;2020 Data;631;https://azmemory.azlibrary.gov/nodes/view/271116;6,069,000,000;2,310,000,000;1,465,000,000;1,100,000;20,452;34;^Yes;10,069;25;2;Yes;circle_AZ.png;US-AZ
Arkansas;AR;3,045,637;367,336;19;1,909,800;2017 Data;145;;3,380,000,000;1,350,000,000;812,000,000;1,900,000;6,439;27;^Yes;3,915;12;2;No;circle_AR.png;US-AR
California;CA;39,029,342;3,520,486;247;5,610,355;2022 Data;4,089,000;https://www.cdph.ca.gov/Programs/CCDPHP/DCDIC/CDCB/CDPH%20Document%20Library/DiabetesPrevActionPlan_FinalADA-07%2003%2018%20v2.pdf;43,431,000,000;13,441,000,000;12,311,000,000;3,250,000;91,149;109;^Yes;131,303;117;19;Yes;circle_CA.png;US-CA
Colorado;CO;5,839,926;377,34;26;1,241,988;2020 Data;479;;3,393,000,000;1,132,000,000;846,000,000;850;10,631;45;^Yes;25,74;26;6;Yes;circle_CO.png;US-CO
Connecticut;CT;3,626,205;308,829;20;850;2022 Data;296;https://portal.ct.gov/-/media/departments-and-agencies/dph/dph/aids_and_chronic/chronic_disease/pdf/dpcpplan81007pdf.pdf;5,063,000,000;1,347,000,000;1,573,000,000;850;9,967;21;No;5,568;14;1;No;circle_CT.png;US-CT
Delaware;DE;1,018,396;111,808;6;850;2022 Data;93;https://dhss.delaware.gov/dph/dpc/files/diabetesburdenreports23.pdf;1,319,000,000;463,000,000;242,000,000;850;2,234;7;No;4,508;8;5;Yes;circle_DE.png;US-DE
District of Columbia;DC;671,803;44,101;3;2,587,500;2019 Data;47;;851,000,000;185,000,000;375,000,000;1,850,000;2,548;8;;1,045;7;2;No;circle_DC.png;DISTRICT OF COLUMBIA
Florida;FL;22,244,823;2,173,352;117;1,445,996;2020 Data;1,276,000;https://www.floridahealth.gov/provider-and-partner-resources/dac/_documents/2023-dac-report.pdf;21,713,000,000;9,893,000,000;1,967,000,000;1,250,000;23,476;95;No;56,41;56;10;No;circle_FL.png;US-FL
Georgia;GA;10,912,876;1,017,106;70;26,105,531;2022 Data;807;https://dph.georgia.gov/document/document/2020-diabetes-action-plan-updated-sept-2023/download;10,219,000,000;3,906,000,000;1,413,000,000;1,250,000;26,071;65;No;24,979;62;4;No;circle_GA.png;US-GA
Hawaii;HI;1,440,196;134,107;9;868;2022 Data;171;https://hhsp.hawaii.gov/assets/pdf/HHSP_Diabetes_Plan_WEB.pdf;1,264,000,000;336,000,000;302,000,000;850;9,263;17;^Yes;1,932;18;9;No;circle_HI.png;US-HI
Idaho;ID;1,939,033;145,661;11;850;2021 Data;114;;1,418,000,000;483,000,000;334,000,000;850;6,363;22;Yes;4,207;12;5;Yes;circle_ID.png;US-ID
Illinois;IL;12,582,032;1,185,651;76;7,961,990;2022 Data;908;https://dph.illinois.gov/content/dam/soi/en/web/idph/files/publications/diabetes-action-plan-053018.pdf;13,939,000,000;4,699,000,000;3,294,000,000;6,625,000;54,008;83;No;13,033;48;6;Yes;circle_IL.png;US-IL
Indiana;IN;6,833,037;666,375;37;1,402,995;2022 Data;550;https://www.in.gov/health/cdpc/files/update-ids-plan.pdf;8,146,000,000;2,833,000,000;1,889,000,000;1,100,000;23,303;55;Yes;16,317;33;6;No;circle_IN.png;US-IN
Iowa;IA;3,200,517;287,477;19;850;2022 Data;195;;3,174,000,000;988,000,000;767,000,000;850;15,51;52;Yes;4,787;24;8;No;circle_IA.png;US-IA
Kansas;KS;2,937,150;256,529;17;904;2022 Data;231;https://www.kdhe.ks.gov/DocumentCenter/View/33926/2024-Diabetes-Report-PDF?bidId=;2,863,000,000;1,018,000,000;384,000,000;850;8,121;31;No;9,891;19;4;Yes;circle_KS.png;US-KS
Kentucky;KY;4,512,310;519,092;40;1,000,000;2022 Data;349;https://www.chfs.ky.gov/agencies/dph/dpqi/cdpb/dpcp/2023%20Diabetes%20Report%20(1).pdf;6,368,000,000;1,979,000,000;2,073,000,000;1,000,000;10,253;31;No;21,148;32;6;Yes;circle_KY.png;US-KY
Louisiana;LA;4,590,241;520,485;33;1,505,000;2017 Data;278;https://ldh.la.gov/assets/docs/BayouHealth/ACT210201742018.pdf;6,233,000,000;2,068,000,000;1,404,000,000;1,100,000;20,709;41;Yes;9,555;25;1;No;circle_LA.png;US-LA
Maine;ME;1,385,340;124,84;8;850;2022 Data;113;https://www.maine.gov/dhhs/mecdc/population-health/dcp/documents/MCVH&DMStrategicPlan_2011-2020.pdf;1,682,000,000;549,000,000;489,000,000;850;5,402;20;Yes;6,536;17;1;Yes;circle_ME.png;US-ME
Maryland;MD;6,164,660;578,446;35;3,222,500;2022 Data;641;https://health.maryland.gov/phpa/ccdpc/Documents/Diabetes%20Action%20Plan%20documents/Diabetes%20Action%20Plan%20June%201%202020.pdf;7,027,000,000;2,375,000,000;1,277,000,000;3,000,000;10,999;31;Yes;15,64;88;11;Yes;circle_MD.png;US-MD
Massachusetts;MA;6,981,974;592,507;30;2,045,000;2022 Data;581;;8,225,000,000;2,762,000,000;2,415,000,000;2,000,000;30,51;46;Yes;6,887;20;2;No;circle_MA.png;US-MA
Michigan;MI;10,034,113;923,377;51;6,472,670;2022 Data;818;https://midiabetesprevention.org/documents/Diabetes-Improvement-Plan-2021-2025.pdf;10,782,000,000;4,246,000,000;1,848,000,000;5,750,000;31,818;66;^Yes;30,528;35;7;Yes;circle_MI.png;US-MI
Minnesota;MN;5,717,184;451,984;29;3,395,000;2022 Data;374;https://www.health.state.mn.us/diseases/chronic/docs/mn2035plan.pdf;5,512,000,000;1,655,000,000;1,441,000,000;3,350,000;38,984;47;Yes;31,322;31;11;Yes;circle_MN.png;US-MN
Mississippi;MS;2,940,057;346,88;21;1,912,000;2021 Data;207;https://msdh.ms.gov/page/resources/7612.pdf;3,954,000,000;1,685,000,000;687,000,000;1,900,000;12,347;22;Yes;3,663;25;3;No;circle_MS.png;US-MS
Missouri;MO;6,177,957;563,658;31;1,000,000;2022 Data;457;https://health.mo.gov/living/healthcondiseases/chronic/diabetes/pdf/missouri-diabetes-report.pdf;6,962,000,000;2,575,000,000;1,364,000,000;1,000,000;15,685;65;^Yes;20,709;20;5;Yes;circle_MO.png;US-MO
Montana;MT;1,122,867;74,364;6;1,164,532;2020 Data;64;;882,000,000;284,000,000;145,000,000;850;7,725;23;^Yes;5,808;31;5;Yes;circle_MT.png;US-MT
Nebraska;NE;1,967,923;161,508;10;881,555;2022 Data;121;https://chronicdisease.org/resource/resmgr/diabetes_dpp_materials/ne_diab_action_plan.pdf;1,837,000,000;618,000,000;267,000,000;850;7,38;20;No;4,908;26;1;No;circle_NE.png;US-NE
Nevada;NV;3,177,772;250,894;12;1,231,029;2022 Data;299;;2,693,000,000;1,081,000,000;505,000,000;900;3,366;13;^Yes;2,882;8;1;No;circle_NV.png;US-NV
New Hampshire;NH;1,395,231;111,268;5;1,372,995;2022 Data;114;;1,389,000,000;422,000,000;237,000,000;850;11,457;18;No;6,395;7;3;No;circle_NH.png;US-NH
New Jersey;NJ;9,261,699;792,367;56;1,300,000;2020 Data ;692;https://www.nj.gov/health/fhs/chronic/documents/17-Diabetes%20Action%20Plan_2.0.pdf;10,661,000,000;3,764,000,000;2,384,000,000;1,200,000;19,366;44;^Yes;5,804;20;2;Yes;circle_NJ.png;US-NJ
New Mexico;NM;2,113,344;207,611;15;3,382,655;2022 Data;202;https://www.nmhealth.org/publication/view/marketing/5595/#:~:text=The%20New%20Mexico%20Diabetes%20Prevention%20Action%20Plan%20is%20an%20action,%2C%20Referrals%2C%20Education%20and%20Access.;2,245,000,000;666,000,000;717,000,000;2,850,000;5,128;16;^Yes;2,6;9;0;No;circle_NM.png;US-NM
New York;NY;19,677,151;1,779,211;127;2,795,995;2022 Data;1,783,000;;29,991,000,000;8,099,000,000;10,893,000,000;2,250,000;65,976;116;Yes;23,794;89;20;Yes;circle_NY.png;US-NY
North Carolina;NC;10,698,973;1,011,751;54;2,093,000;2021 Data ;719;https://www.ncdhhs.gov/sl-2017-57-section-11e5b-minority-health-diabetes-prevention-program/open;11,614,000,000;4,562,000,000;2,124,000,000;1,250,000;35,223;73;^Yes;23,305;67;7;Yes;circle_NC.png;US-NC
North Dakota;ND;779,261;57,287;3;1,096,670;2022 Data;50;https://ndlegis.gov/sites/default/files/committees/68-2023/25.5108.02000presentation1025.pdf;799,000,000;226,000,000;177,000,000;850;10,62;16;^Yes;2,44;13;3;Yes;circle_ND.png;US-ND
Ohio;OH;11,756,058;1,203,587;81;1,350,000;2022 Data;937;https://odh.ohio.gov/wps/wcm/connect/gov/fc94c68d-86d0-4174-9a8a-58871c1ace9d/2021+DAP_FINAL.pdf?MOD=AJPERES&CONVERT_TO=url&CACHEID=ROOTWORKSPACE.Z18_K9I401S01H7F40QBNJU3SO1F56-fc94c68d-86d0-4174-9a8a-58871c1ace9d-oynp5sh;14,957,000,000;5,469,000,000;3,689,000,000;1,250,000;29,211;79;No;28,928;27;8;Yes;circle_OH.png;US-OH
Oklahoma;OK;4,019,800;405,756;26;1,619,325;2020 Data;289;https://oklahoma.gov/content/dam/ok/en/health/health2/aem-documents/health-promotion/center-for-chronic-disease-prevention---health-promotion/2023%20Oklahoma%20Diabetes%20Prevention%20Report.pdf;4,499,000,000;1,698,000,000;627,000,000;1,000,000;7,009;41;No;6,901;25;10;No;circle_OK.png;US-OK
Oregon;OR;4,240,137;354,43;24;2,081,985;2022 Data;357;https://www.oregon.gov/oha/PH/DISEASESCONDITIONS/CHRONICDISEASE/DIABETES/Documents/OregonDiabetesReport.pdf;3,776,000,000;1,115,000,000;1,151,000,000;850;19,928;23;No;14,481;26;8;Yes;circle_OR.png;US-OR
Pennsylvania;PA;12,972,008;1,182,955;91;2,679,816;2022 Data;851;http://jsg.legis.state.pa.us/resources/documents/ftp/publications/2023-09-13%20Diabetes%20Web%209.13.23%20.pdf;16,153,000,000;5,881,000,000;3,920,000,000;2,153,991;56,179;89;^Yes;20,631;77;16;Yes;circle_PA.png;US-PA
Rhode Island;RI;1,093,734;102,499;7;974;2017 Data ;59;https://health.ri.gov/publications/stateplans/2010-2015Diabetes.pdf;1,317,000,000;394,000,000;346,000,000;850;777;7;No;2,818;5;1;Yes;circle_RI.png;US-RI
South Carolina;SC;5,282,634;533,278;33;2,438,920;2022 Data;407;;5,639,000,000;2,262,000,000;817,000,000;2,100,000;15,89;35;^Yes;10,912;34;7;No;circle_SC.png;US-SC
South Dakota;SD;909,824;62,172;4;1,143,532;2021 Data;49;https://doh.sd.gov/media/ppfehegn/diabetes_state-strategic-plan.pdf;982,000,000;270,000,000;122,000,000;850;4,505;13;Yes;1,925;6;1;Yes;circle_SD.png;US-SD
Tennessee;TN;7,051,339;813,418;49;1,648,045;2019 Data ;409;https://www.tn.gov/content/dam/tn/health/program-areas/Diabetes-Legislative-Report-2023.pdf;7,998,000,000;3,211,000,000;1,326,000,000;1,200,000;13,675;42;Yes;13,355;27;4;No;circle_TN.png;US-TN
Texas;TX;30,029,572;3,127,767;230;3,250,000;2021 Data;1,956,000;https://www.dshs.texas.gov/sites/default/files/legislative/2023-Reports/Texas_Diabetes_Council_2023_State_Plan_to_Prevent%20and_Treat_Diabetes_and_Obesity_Report.pdf;26,935,000,000;10,328,000,000;5,306,000,000;3,250,000;48,119;126;^Yes;31,013;68;11;No;circle_TX.png;US-TX
Utah;UT;3,380,800;214,693;14;951,008;2020 Data ;210;https://heal.utah.gov/wp-content/uploads/2021/11/UDP_Strategic_Plan_v2018FINAL.pdf;1,808,000,000;613,000,000;242,000,000;850;9,061;22;Yes;8,654;18;5;Yes;circle_UT.png;US-UT
Vermont;VT;647,064;44,599;3;906,72;2021 Data;41;;680,000,000;211,000,000;156,000,000;850;1,003;6;Yes;2,198;2;0;Yes;circle_VT.png;US-VT
Virginia;VA;8,683,619;870,524;52;4,645,000;2021 Data;704;https://www.vdh.virginia.gov/content/uploads/sites/25/2017/03/DiabetesStrategicPlan2017WEB.pdf;8,675,000,000;2,810,000,000;1,366,000,000;4,600,000;18,584;40;No;16,749;33;4;Yes;circle_VA.png;US-VA
Washington;WA;7,785,786;595,825;41;2,588,477;2021 Data;597;https://doh.wa.gov/sites/default/files/2024-01/140255-DiabetesEpidemicActionReport-20240124.pdf;6,672,000,000;1,916,000,000;2,128,000,000;2,000,000;31,607;46;Yes;26,897;18;4;Yes;circle_WA.png;US-WA
West Virginia;WV;1,775,156;247,721;14;1,269,795;2022 Data;148;https://dhhr.wv.gov/hpcd/data_reports/Documents/2020%20Diabetes%20Action%20Plan.pdf;3,160,000,000;1,129,000,000;711,000,000;850;4,028;22;^Yes;2,893;12;5;No;circle_WV.png;US-WV
Wisconsin;WI;5,892,539;477,705;28;1,437,100;2022 Data;470;https://www.dhs.wisconsin.gov/publications/p03154-2024.pdf;5,722,000,000;1,732,000,000;1,233,000,000;900;55,717;53;No;10,459;38;14;Yes;circle_WI.png;US-WI
Wyoming;WY;581,381;41,99;3;850;2022 Data;38;;489,000,000;151,000,000;69,000,000;850;1,477;12;^Yes;752;12;2;Yes;circle_WY.png;US-WY
